x1,x2,y
0.04777575382069685,-4.5266257672033925,1.0
-5.338662312768378,-1.4775873424742427,1.0
6.968799077105314,5.968936354699473,1.0
8.456767203341144,4.317324648069941,1.0
9.19170894502756,2.7578994029113666,1.0
-3.157274443010143,-3.9286125212037906,1.0
-4.941533076271466,5.423048353139132,1.0
5.609420299373562,6.898704940003646,1.0
2.734437909225182,-3.3257698331240393,1.0
2.083418716942703,-3.449903084782431,1.0
-4.985594051056431,-1.9687124124384454,1.0
7.3339667904916,5.391371821123614,1.0
0.32010925964118686,8.136834369746662,1.0
8.938994796804188,2.9102430903467527,1.0
-5.383351541042645,3.892333379397912,1.0
7.575594762310408,5.106825863355658,1.0
2.61922383122117,-3.374917417857873,1.0
6.836774166689713,6.102959749271709,1.0
7.855587097442595,4.752731225216859,1.0
7.812128767567947,4.984764946485894,1.0
2.2294135814841693,-3.5088597458338517,1.0
2.202832791016889,-3.578900558733418,1.0
3.1757341791691593,8.160959584833329,1.0
-2.4774534475657717,7.1025696774210765,1.0
1.0629504484078904,1.9039507749875064,1.0
3.9071348154100773,7.619805614276658,1.0
-5.794706179664663,3.595592281202556,1.0
9.227815702474471,1.9861803882009164,1.0
-5.056040624211101,-2.2726211553372258,1.0
8.518832325010196,4.108398628068947,1.0
-4.527327446146504,-2.8974807122517405,1.0
4.202734753333281,7.7402402676337845,1.0
-5.770089807055519,3.7172281567889596,1.0
-3.918854393402572,6.429231899600739,1.0
-5.866731183234562,3.547754529139741,1.0
-0.054467242081458395,1.8554845322534708,1.0
3.2140297296280016,0.6748620151124767,1.0
-5.1850962123245505,5.090505367886761,1.0
4.350369072924008,7.4674036936690795,1.0
-2.8398896985591544,-3.883698880157641,1.0
0.7212303347608382,-4.302568320422365,1.0
6.745366977305552,5.916447653729964,1.0
3.2832196971347365,-2.4513805358721052,1.0
-6.217988282325008,0.20274938621858435,1.0
2.826431426577747,7.779825719531796,1.0
6.690960328895958,6.062495999314801,1.0
-2.7346281987678025,-4.2210868823562,1.0
-1.5567000154080404,-4.248453239633186,1.0
-5.954252784424498,3.252295234499943,1.0
3.378607819415371,-1.645685082156302,1.0
3.23716336310092,-1.7851050280321135,1.0
-2.7283724764248563,7.079162695366141,1.0
1.5569320943067313,8.03130018305128,1.0
3.329260089242889,-1.4885265835734054,1.0
-4.265897809882021,5.826563418637777,1.0
-5.892459806595782,0.9380085371301874,1.0
-0.009206501114502497,8.141758147628963,1.0
-0.4855737119759458,0.7515359469111906,1.0
3.787021517919129,-0.8084780516062937,1.0
3.5923835427491477,0.42125036916731207,1.0
-1.6070173901755351,7.589907598714024,1.0
1.6960755313452216,1.8954547298100408,1.0
9.535543579471861,1.9443454764568842,1.0
3.900452396914043,7.738436778028439,1.0
9.246515759448053,1.651302940702145,1.0
1.6899392044428516,8.124347804444326,1.0
8.768432357536927,3.101616326600615,1.0
1.5962729762603975,8.247698099079052,1.0
0.3139335631646425,8.271941300237838,1.0
1.4779308899296695,8.278857774863996,1.0
5.467643799361774,6.948439908780945,1.0
4.998962730242629,7.145833410335843,1.0
-4.914809345585298,-1.9320607152528475,1.0
-5.342226463671538,4.5221440413003835,1.0
4.704805868947728,7.334800744219229,1.0
-5.8024620431866945,-0.7405511804655995,1.0
1.5407945381264736,8.203189218140725,1.0
0.08870635942570482,1.346070495003873,1.0
-1.1175688784716944,-4.732992739136166,1.0
-2.922105728138696,7.207237939947145,1.0
-1.5638927890406726,7.597705974511675,1.0
-1.4609890974847926,7.596189452818942,1.0
3.9807226436669367,7.694009383136235,1.0
9.785262974585864,0.9297697193650676,1.0
-5.655317531612701,3.084821169609783,1.0
-6.087548084949118,-0.0757205041385337,1.0
-0.6156848282582399,7.7451069716211,1.0
9.0835821755785,2.668221998107824,1.0
9.530289661744852,0.754098640328298,1.0
8.16461869255012,4.4787475298687935,1.0
3.52188340552437,7.812647455889759,1.0
9.00865457601794,3.021236067162505,1.0
7.541001546006648,5.300410243705522,1.0
3.6056205905132783,-0.3905871541859589,1.0
2.099561262903939,-3.6029646843317185,1.0
-6.231336135357244,0.5559924430868444,1.0
3.4001471311808347,-0.9440628569088607,1.0
1.632767918388101,-3.9531074338113523,1.0
-1.8911836001881062,-4.6801466027326,1.0
3.245945551284179,-0.2750401068555604,1.0
-1.3661168551151208,7.971404144731483,1.0
2.050446540278894,1.6624567724981727,1.0
8.555596882943954,3.6253963540649967,1.0
3.022899890950403,0.8443326867084999,1.0
-2.995622425360102,6.6546331041784885,1.0
8.725439051207328,2.9614895432223487,1.0
4.875604686308409,7.078353953906793,1.0
-6.229211655934411,1.6959191328493886,1.0
-6.214778865243687,1.5713756424498189,1.0
1.6593652747244232,-4.0680398163201374,1.0
9.520226130080985,2.016565639014902,1.0
-3.6629080633903954,-3.492223417417417,1.0
6.46094120850623,6.54470448111528,1.0
-6.160957197374389,2.519460271762382,1.0
-5.130258873262908,-2.0239283075816594,1.0
5.2903818901089465,7.3367082190706,1.0
8.650680432379659,3.280450068960318,1.0
9.252295561908007,2.037899658158945,1.0
-5.877311768173115,2.0193442168686913,1.0
-5.036648438808794,5.345731229766927,1.0
7.2620746329454295,5.440141303787243,1.0
7.6414283126437255,5.529774534179812,1.0
-6.032078352057028,0.597275536532604,1.0
1.8465762519316633,-3.685828741870578,1.0
8.799648079706904,3.3291913574694627,1.0
-0.5100916442282313,-4.483133613439019,1.0
0.27263595449088013,0.12418808545464596,1.0
-5.544789328624971,3.972083846048959,1.0
2.5992194030033784,8.016973564305028,1.0
2.0059917310489865,-3.5332120595614303,1.0
-0.01028997690568978,8.238261402475521,1.0
7.7662336956491425,4.687346196859709,1.0
9.286709641752847,1.446660711766653,1.0
0.4072419905564537,-4.251771591299559,1.0
9.194845999947624,2.406023299566674,1.0
-4.086101871044298,5.93245872617772,1.0
8.610442168676173,3.25926867868412,1.0
-5.330523074285516,-1.5922210022270167,1.0
0.4462402428642953,8.08618772836891,1.0
-5.98902505627391,3.1596876173974957,1.0
-1.3213092114713894,7.890296852041353,1.0
3.5256971095614764,-1.30458772529447,1.0
-0.03578182815526634,8.076299558261741,1.0
-5.886207458782766,2.1031944924766126,1.0
-5.5122126286774975,3.988389265062855,1.0
-0.1549702623427191,7.907606664638823,1.0
-5.336210996001297,4.510705903904379,1.0
1.4328155258862554,2.0552892984714255,1.0
-4.508097080561098,-2.511121612119435,1.0
-6.16148456039754,1.9580223568354813,1.0
-4.613522034319833,-2.703810657551282,1.0
3.5389751882322775,-0.7398887269073602,1.0
-2.9331407461773207,7.1740673589514,1.0
1.4138552248425853,-4.274421070452546,1.0
-6.295295006127048,1.2414606944318913,1.0
-2.952844332131157,-3.7796604010278574,1.0
-5.0434375211117315,-2.528632180257943,1.0
-5.5924728499126575,-1.2123992944455644,1.0
-6.324917486770629,1.375386597408946,1.0
-1.5590937107890197,-4.53249537127934,1.0
-0.03309897670289756,0.37684512139886217,1.0
7.451580470375169,4.888516719256219,1.0
-5.5011681472938,-0.9810543571960617,1.0
4.058952537938568,7.743902874513019,1.0
-0.02626574778969787,-4.407324128175291,1.0
3.4183520868597936,-0.29569292659953533,1.0
6.005483727382613,6.966433098297516,1.0
3.1600266096767498,0.8133299899281021,1.0
3.7022937580326554,-0.12445440997341212,1.0
-1.6756278924949157,-4.2634490039164366,1.0
-6.03099127741877,-0.1395128908369277,1.0
4.527154176431364,7.570821923824802,1.0
7.571481422565107,5.408941195753405,1.0
0.0004908295767618587,7.861516326928659,1.0
3.9116624368903112,7.677224475802946,1.0
3.309310774294947,0.7973369960156798,1.0
3.2864276322882717,-1.3621812632099297,1.0
-1.0303810544621916,7.706335953086716,1.0
8.354281680033262,3.6270562146399206,1.0
-6.279096018276852,1.2604236764986994,1.0
8.629328257069867,3.847887744413245,1.0
-1.9215781964958591,7.161879260350435,1.0
9.304846410780828,2.0600780321472203,1.0
2.57061899053328,-3.192455751001225,1.0
2.3946982507462597,-3.3992253718398517,1.0
3.1745373704201456,-2.462540845472729,1.0
-2.2330745460060903,-4.136422285798949,1.0
-2.489292770419663,-4.342300081399689,1.0
-1.471834247345877,-4.723825549751659,1.0
8.811537218149152,2.61312891328436,1.0
3.108282082590335,0.9504186124526893,1.0
9.528259246313292,1.874397746012663,1.0
9.260012477832108,1.4197060989774446,1.0
8.305965492282782,4.071830046193458,1.0
0.190392110704814,8.032441833067416,1.0
6.334172161835746,6.784427090084425,1.0
-5.635829508175441,-0.7449015128876435,1.0
2.818252023809125,-3.061239009893023,1.0
2.264249922048416,1.5389553650692172,1.0
8.411754477359345,3.842161406304395,1.0
6.39719339098091,6.393710051142029,1.0
0.34107834442713003,8.381311812780147,1.0
-5.787096421169416,-0.3779939724123721,1.0
-5.876916055249389,-0.9149806967184466,1.0
8.557407081835727,3.4758010923958764,1.0
3.042150121485319,0.9332841541131554,1.0
-4.046683544527961,5.749763682747071,1.0
1.7647561154439089,1.9148779692151643,1.0
-6.025333455836444,-0.06258466394191134,1.0
3.218764460234695,-1.9927737992534769,1.0
3.683157673974688,-0.6958032551837516,1.0
-2.8799485889465593,-3.900604220796249,1.0
-6.204987439234774,0.49903153111383647,1.0
3.011768304788564,1.0359164441417665,1.0
-1.6151262674536855,-4.39543742218778,1.0
-0.8535899771323329,-4.540036777433328,1.0
0.6483648270639235,2.0248503830201248,1.0
2.6780698816507065,-3.04095294084341,1.0
-5.455713210276043,-1.2890741679714255,1.0
2.818211264319377,-2.937833803185986,1.0
-1.8900990385777996,7.493620356354742,1.0
-5.713164962377121,3.9526022739813578,1.0
2.2505675496027986,1.5526819728643573,1.0
-1.6518001689654533,-4.447544610229931,1.0
2.458169240599763,8.07977312406823,1.0
9.371532856912008,1.2586345484900725,1.0
1.0577770245117488,1.9529122417496079,1.0
-5.897963495495669,0.9096503770565652,1.0
-1.685572596911401,7.535291160565166,1.0
-3.413897416363718,-3.790668854230435,1.0
5.877483654568027,6.585802693403078,1.0
2.16976002471701,-3.6667696529506717,1.0
-3.6716136420634418,6.453928581528651,1.0
5.053799465606138,6.998843958039296,1.0
-0.22608648060920994,1.0855610691498638,1.0
3.627985313839443,-1.3946321500765808,1.0
3.341329084214777,-1.7009352505445496,1.0
2.0861170588041364,8.070073580755965,1.0
-2.316825234348615,7.445339654235836,1.0
4.1268760627712195,7.747468337814719,1.0
3.8658580229860555,7.5523620525152015,1.0
-4.848101860059651,-2.629723880173972,1.0
-1.477591934995177,7.413301089068558,1.0
9.265449538376254,2.629380079825451,1.0
8.981102161161436,3.0804310171496145,1.0
1.014843551040447,8.16269542044771,1.0
3.339022808737856,8.007075790460911,1.0
8.774498787972439,3.3926748514578398,1.0
-5.7176647074942455,-1.2859148913285212,1.0
-3.104092316678085,6.644165459676721,1.0
-1.5728262556173123,-4.365693682055641,1.0
8.443326760097694,4.066382253344771,1.0
-0.3193891841815144,1.4110280041548189,1.0
-2.262501479020499,7.550457542929207,1.0
-0.8342032302776782,-4.394030699593719,1.0
-5.980064710581761,1.7265440188390624,1.0
3.5114519708440834,0.7890424241716458,1.0
2.697300006489778,-2.515584606091292,1.0
-5.266320748231258,-1.4808469429046018,1.0
-4.800720891160701,4.682947779637465,1.0
8.276780137093843,4.024114857203884,1.0
8.79948540727449,2.787137598900844,1.0
-4.599643674552444,5.394017014533718,1.0
-2.8441238201912706,-3.8340812254046117,1.0
9.527642609167254,0.18102295276244945,1.0
3.221364307173336,0.27877238003303195,1.0
1.221497219772677,1.9468658567239912,1.0
-1.400644937721115,7.574781687818688,1.0
2.8148485330725403,7.94285384830556,1.0
2.4669769515828213,1.688968936233539,1.0
4.451892817092901,7.355546530399577,1.0
-5.833556037051122,0.3504627714774542,1.0
-4.444995429905606,5.55281511151969,1.0
-1.976999740243897,7.354954470342506,1.0
-3.9360203361097597,-3.3695749100895407,1.0
-2.6226538172820972,7.1744190529522065,1.0
-0.4666798727571487,7.887411683976037,1.0
-3.1089164014651645,-3.8529336402146006,1.0
-0.13691689465858803,1.513249472156619,1.0
0.2017592643498135,8.324838557186085,1.0
9.432614870892538,2.1241805730935446,1.0
0.37920228020543245,8.158491936257109,1.0
5.287264109203396,7.368224579175949,1.0
-1.291641298985646,-4.513499239940199,1.0
3.500152828062907,0.5882437315894845,1.0
-5.032514118231653,4.630136721357367,1.0
-1.9744296182901384,7.242740821788238,1.0
0.7700808341004126,-4.262399877968879,1.0
6.0387236770777255,6.629165589528083,1.0
4.693025893531688,7.263942415928768,1.0
9.726150681809838,0.4797345030172807,1.0
2.763481155772736,1.4105899834041167,1.0
8.269622455713993,3.7921719780911842,1.0
0.023875894354399796,1.8953951248714493,1.0
4.321298279453638,7.6523584858919005,1.0
3.5625850972208575,-0.8304664715404462,1.0
1.5752908050367036,1.924041906558186,1.0
2.0774071404728924,-3.378650836486295,1.0
-5.020020949987493,5.1135695523128915,1.0
-5.98249776200385,-0.6309396371121332,1.0
5.40827156341058,6.987770456485445,1.0
4.171500752812397,7.596337474595338,1.0
-5.9663685640806,1.001943064135566,1.0
-2.718731875463054,6.846776504194551,1.0
-2.6159987333365295,-3.986401896654939,1.0
0.12967039629797628,8.251812150295496,1.0
2.4408166193470513,1.7753417023684417,1.0
-1.9090996096716772,7.271847585573099,1.0
-5.1481487410802345,-1.5914412568366036,1.0
7.611406426553956,5.361973853502382,1.0
9.292280914931403,1.8361699033560055,1.0
-0.7147545177738045,7.782540098546589,1.0
-3.8183868703931667,6.140599031531221,1.0
2.7179571947818193,-2.7770396756564293,1.0
-5.525507908106743,-1.22176131443294,1.0
8.283876294684566,4.4557129704483005,1.0
3.6028113560829826,-0.5071529994146247,1.0
3.9097690058453063,7.499948017577248,1.0
-5.427033171266123,4.245952204094273,1.0
-4.185350389525729,-3.2623193648497164,1.0
3.2388478405031886,-2.189592306184508,1.0
-1.9038870999221156,7.321678804502088,1.0
-5.816402277185517,0.54735212475012,1.0
2.9780161297269934,-2.3020084197829473,1.0
-3.121032193849027,6.952077147649975,1.0
-1.5007911679326469,-4.614000697404897,1.0
1.5088319295700932,-3.9850480347635693,1.0
-3.2920881329979785,-3.854761467396514,1.0
-5.940988497089887,2.6503135018995003,1.0
6.028991480256472,6.617724066274179,1.0
8.669212690113007,3.506533930614737,1.0
2.2758623406969782,8.064876664080947,1.0
-5.955458919139679,3.6361808263235695,1.0
3.489692695760876,-0.6895854746755259,1.0
9.686332974246303,1.2543096515489096,1.0
4.846621397396175,7.234595323561746,1.0
-0.45085911437711534,7.9928879250778255,1.0
7.960003901609945,4.875705140955738,1.0
-6.194765433769174,1.493265574534667,1.0
-0.1831544208254519,8.179898648256966,1.0
-6.156616297816838,1.589544762283495,1.0
3.4363981915688466,-1.073332911479613,1.0
4.9105025436106455,7.299200176042784,1.0
-5.353299552104206,4.098084686942439,1.0
-2.9934160953264994,-4.157885820739161,1.0
-0.6224088449894734,-4.494551782652882,1.0
-0.5028559178982881,-4.3753570686592544,1.0
-5.409463155252272,4.319280797138081,1.0
9.548584312983028,1.3581357521167368,1.0
3.4137847678940654,-1.5446878593059603,1.0
-5.570575093596367,-1.4502908476800613,1.0
9.833996548207871,0.4320094565238104,1.0
1.1040412848528616,-4.119006994969705,1.0
-5.93756702653074,2.916852260270573,1.0
-5.5950481989153715,-1.3936829327077656,1.0
-5.783321727976795,3.448233552994517,1.0
-0.9567346126275859,-4.751106342768288,1.0
9.661036455161069,0.07290945181467648,1.0
3.086869379694617,-2.453699628963969,1.0
-3.0430160205817205,-4.0113179836691994,1.0
1.1820022577268927,2.3113750134967592,1.0
-0.29010754030369573,7.747445139809216,1.0
7.666374569710539,4.934106481813951,1.0
-4.470161730059578,5.730013777571618,1.0
0.8729368359605796,8.093850129790304,1.0
-1.7460284348889796,7.858829651820227,1.0
-4.713433168114441,-2.62142816071476,1.0
3.2995102445125672,-1.3059491393257783,1.0
6.717228607813573,5.83430061900849,1.0
2.208887673879353,-3.2716339045842746,1.0
6.073967946962195,6.483272179498545,1.0
9.186660571492608,2.0761427640133956,1.0
-0.19088383884432392,1.3190309765445103,1.0
6.876215624371415,5.796305094073969,1.0
2.9596414178209147,8.202323501140311,1.0
-2.6451259559257823,7.23890125207924,1.0
4.159962283259789,7.657996763055388,1.0
1.3995665839935207,8.368786599114717,1.0
1.860815581678269,1.9955000057788501,1.0
-4.488482427489722,-2.7579154886334196,1.0
8.337599657688255,4.156053476848389,1.0
2.9377914442301023,0.8184262206303492,1.0
-5.667938170941622,3.0985846855861507,1.0
2.269273443557145,-3.603343220623784,1.0
-5.8266037215937505,2.931972831135801,1.0
9.563042208830748,1.432334105306324,1.0
0.7347736996702058,-4.328680959530952,1.0
-2.0575305185564394,-4.205135072998095,1.0
4.455776913346562,7.723782928737311,1.0
2.791992191671285,-2.5116860994202503,1.0
0.9594169605382044,-4.129053553673856,1.0
0.034950580644918995,-4.387303351434385,1.0
4.382499082228508,7.313203887152252,1.0
9.387143753415982,0.9228306143157418,1.0
4.704981381843173,7.244884892400585,1.0
-5.367180507114233,4.297753091023896,1.0
5.8558751801849125,6.628446613759848,1.0
1.7581913778990204,1.8801450549486174,1.0
0.468709614054283,1.778056878028078,1.0
7.345080181840201,5.42568041267604,1.0
8.976711612516867,3.4452876532433225,1.0
3.5384254870114615,-0.8041853540519346,1.0
-6.0169635859869315,0.6860380113726249,1.0
-2.597433083659057,-4.127614341951475,1.0
-5.868374797597124,3.142718505870146,1.0
-5.805868938454299,2.108434355702393,1.0
-5.338782724216689,4.63097395372388,1.0
0.2597457527201886,2.0164440676978272,1.0
0.5719882330271049,-4.334758368549095,1.0
7.01317824829433,5.510756433043208,1.0
1.1442383480498954,-4.350825788555828,1.0
-3.7058060770356716,-3.329660576695874,1.0
-5.979276150091222,1.9162600042594904,1.0
4.377536918077193,7.4962094109863,1.0
-1.3009628642416762,-4.359002695759656,1.0
9.346619458649874,1.587085783068218,1.0
-3.4902837092691787,-3.724311615444406,1.0
-3.5427261846565226,-3.6041296567305934,1.0
4.763355310983942,7.104125690860229,1.0
1.4605211623170316,8.2117380167633,1.0
-0.9931929345709523,-4.540839702140698,1.0
-2.1755356736024827,7.5659168431288135,1.0
9.332264697874791,2.2123378752480343,1.0
-5.82541023580976,-0.8675794688282639,1.0
-4.750962763230256,-2.59149053200768,1.0
-1.6092963897093198,7.471226166356978,1.0
2.3062736225831277,8.013271602887498,1.0
0.984059679547985,8.313751657571567,1.0
3.1479748830396197,7.868968937743836,1.0
7.022486423252174,5.723813618158469,1.0
-1.7752759499908115,7.405180086645802,1.0
-3.691135770602303,6.3071309472900925,1.0
8.713665372826664,3.1077056274012236,1.0
2.096880531604001,-3.9126732529233132,1.0
3.395617454531209,-2.057364375585204,1.0
7.423156017819459,5.37271592140203,1.0
8.437413093363796,4.240800585220386,1.0
-4.2563029675479624,5.9951602842594705,1.0
-0.1264612723669984,-4.566974682510289,1.0
-5.655395757142869,-1.0066775465362239,1.0
1.8823909853012775,2.102468582256323,1.0
-6.027913995994359,2.19441032360876,1.0
1.728683097269395,8.013419226769221,1.0
-5.4012605155716065,4.468086773535598,1.0
-5.672945153740621,3.3453054457377904,1.0
-5.736558203101968,3.1138400924856926,1.0
0.6290415395198954,-4.469076351932839,1.0
8.459022599887223,4.158678157103077,1.0
-0.5865458292041821,8.12568689391678,1.0
3.1919288004263944,0.8853860680228023,1.0
0.6879289101806612,1.8930803292343898,1.0
6.382530238692226,6.443902614082687,1.0
-2.865660509599454,-4.2200444697096255,1.0
-0.5837737445592122,-4.316532675365031,1.0
3.414285019353483,-1.9357634247686089,1.0
-2.17235520472866,-4.103866743209986,1.0
3.018155977625022,-2.110278702959462,1.0
-1.4876041719120687,-4.534859028390671,1.0
8.16799598110056,4.330910124355337,1.0
9.115160851784099,2.2177108672453585,1.0
-4.381174051140842,-3.1908982981856804,1.0
-0.6146624358268439,7.836068849818808,1.0
-1.7500528811911873,7.729787618844192,1.0
-6.205002271306193,-0.25022656082736866,1.0
1.8737443805491878,2.0119008271301735,1.0
2.587982018787844,8.072601888043529,1.0
8.993747990335994,2.477497187407273,1.0
-5.490900071199771,4.065030255175428,1.0
3.5909355268060477,-1.8585160901054705,1.0
-6.238280177873194,1.745293152620457,1.0
0.21185208723594806,7.920813969477657,1.0
2.1542167625279367,7.961604498732542,1.0
3.284392618062683,0.561958093732632,1.0
-6.183915709802067,0.1521173373253874,1.0
-0.5155389334219871,8.137423744852509,1.0
-1.2723904645737223,7.892914936322587,1.0
2.249537115977293,1.6844212448338962,1.0
2.037925955414065,1.973696696886019,1.0
-6.3040856842785535,1.8550000932185473,1.0
3.729519997509564,-0.9614640702674262,1.0
-0.19134025625537782,7.7996741831753456,1.0
9.237610106798298,1.7172274930486122,1.0
5.72782917075968,6.612541918737301,1.0
-6.050618130946604,1.8387191526742828,1.0
-6.038938081456547,0.9447303868357384,1.0
3.5576477516284517,0.029079854419586826,1.0
9.263011548013536,1.533486698945576,1.0
0.12184601322227284,0.46480742649642975,1.0
3.3001477768363285,0.8458148707078854,1.0
4.601347342246772,7.4225312451131495,1.0
-5.620256750556174,3.5044847092682865,1.0
-6.239693674863079,1.312759867215307,1.0
-4.505451745680246,-2.76835786396742,1.0
9.618732425844355,1.5557436278330061,1.0
4.11963062467434,7.467848860004257,1.0
7.906038143435417,4.705739276085406,1.0
1.853543911405604,1.797511185218519,1.0
7.782732762062777,4.990727558247534,1.0
1.6685752267666083,-3.9300564249371375,1.0
-4.093610418567938,6.060531436369365,1.0
0.48112254505432106,4.942473566306252,-1.0
5.868432305159254,1.7727489373879268,-1.0
-6.094221640447712,-5.721920407864837,-1.0
-7.778149706973284,-3.644473108974662,-1.0
-8.782442232522968,-2.1987536596878874,-1.0
3.968303693079963,4.189820877635637,-1.0
5.389106414099901,-5.022237896001931,-1.0
-5.027087549260704,-6.2691915047152555,-1.0
-2.184958436323529,3.7410123398341155,-1.0
-1.8629748681784375,4.078066814502512,-1.0
5.965567182882228,2.4058219103482905,-1.0
-6.7353831047032475,-4.688120908312937,-1.0
0.3134285217374779,-7.776498629437729,-1.0
-8.69941489604068,-2.5683858615995665,-1.0
5.93787357294144,-3.3862613403171116,-1.0
-7.217149607745718,-4.701943413904029,-1.0
-2.1936964138075763,3.6299454701564886,-1.0
-6.469999775408328,-5.531863853414615,-1.0
-7.572595705400425,-4.15229991882786,-1.0
-7.4517705052316,-4.34917193068286,-1.0
-1.48806965005104,3.7668710930475355,-1.0
-1.7676325003794569,4.2687831033365295,-1.0
-2.5828760921816696,-7.538661969313159,-1.0
3.0659645176295593,-6.583873806192683,-1.0
-0.5630193715068402,-1.3209970176373402,-1.0
-3.4171198911553216,-7.350292678363925,-1.0
6.241917570275162,-2.844558361866614,-1.0
-8.842363520007284,-1.1585774657657892,-1.0
5.354230168998619,2.9705111229782015,-1.0
-7.751581760299013,-3.4815476757792876,-1.0
5.094873272514496,3.5569141177149084,-1.0
-3.8733537648853322,-7.107432571693129,-1.0
6.040343955143952,-3.167171292934624,-1.0
4.383985553754374,-5.466125441591184,-1.0
6.178883433254768,-3.0926954509705085,-1.0
0.3349044141188524,-1.0510836247319846,-1.0
-2.408873255975306,-0.49890795888269296,-1.0
5.713948967401071,-4.505605941092875,-1.0
-3.6612441923388133,-7.222500157588457,-1.0
3.638611363705573,4.5883491728775745,-1.0
-0.0684268672378539,4.692635208757398,-1.0
-6.45623476709867,-5.257704056830617,-1.0
-2.564395519063211,2.8047852353347147,-1.0
6.364763554315664,-0.018277244268020305,-1.0
-2.543194048882706,-7.4595052445995185,-1.0
-6.114746036481966,-5.6964220937689545,-1.0
2.8716201076232823,4.726472216753559,-1.0
1.987320004621714,4.889727857498638,-1.0
6.359144889229448,-2.613232701004073,-1.0
-2.918945070498781,2.108527236114117,-1.0
-3.100702082914175,2.0965483949955206,-1.0
3.0169202154382475,-6.78635480354038,-1.0
-1.1691128217151494,-7.666401690341044,-1.0
-3.1840077783687146,1.9170490930342532,-1.0
4.570280919498485,-5.491940017038002,-1.0
6.482927835712344,-0.6131337450296506,-1.0
0.6196977598999058,-7.808058232573674,-1.0
0.6040781366916917,-0.4383779788892366,-1.0
-2.8702766968535394,1.412373830673061,-1.0
-2.990124045302569,0.07371154901734539,-1.0
2.407299794964364,-6.934585962249281,-1.0
-1.4800712986791258,-1.3688873439619706,-1.0
-9.042016817379228,-1.1459137347834991,-1.0
-3.625471703796772,-7.2678065529030595,-1.0
-9.10823338700912,-0.8587471491046414,-1.0
-1.1219113060346144,-7.401956622678649,-1.0
-8.397970657621942,-2.877498872050801,-1.0
-1.1514752772411847,-7.530442957963583,-1.0
0.26688761001284533,-7.50287752858021,-1.0
-1.143248559404431,-7.801663025283079,-1.0
-5.0973809939856025,-6.498991827641401,-1.0
-4.3613113010247835,-6.850489569695288,-1.0
5.848495763428168,2.6402252252133662,-1.0
5.400613339948119,-4.031390568799804,-1.0
-4.178382695657848,-7.047245470146082,-1.0
6.1270546222045965,1.100434721663595,-1.0
-0.950416702380256,-7.460684260759634,-1.0
0.6146094269338521,-0.7995764660001421,-1.0
1.2821592112230982,4.862642713571972,-1.0
3.1584288838240995,-6.724795655178836,-1.0
1.802430981944015,-7.044147982080943,-1.0
1.8550458390677425,-6.984364362256423,-1.0
-3.861927738048977,-7.011509411613121,-1.0
-9.300195469817155,-0.23033741614123643,-1.0
6.086576193522546,-2.6784348961387097,-1.0
6.541270143622731,0.6282103854433163,-1.0
0.9036853144029546,-7.429430428411948,-1.0
-8.522240181920584,-2.6053969701312223,-1.0
-9.291880210566937,-0.002464131028919514,-1.0
-7.7607765457622735,-4.093652032867837,-1.0
-3.0379055053863735,-7.349517085047563,-1.0
-8.355213109961264,-2.9274232234580015,-1.0
-6.989779598440281,-4.513041889635409,-1.0
-3.1177635847807847,0.9581658856515443,-1.0
-1.5853115293397273,4.007516240376852,-1.0
6.683475309219415,-0.0611001623724276,-1.0
-2.7796014873813317,1.832543966183958,-1.0
-1.355751804315441,4.238744146944027,-1.0
2.185196635434128,4.910441466211219,-1.0
-3.1357703265223495,0.46210709560776525,-1.0
1.435567486092077,-7.531577819461147,-1.0
-1.6113530616508256,-1.3745721799142947,-1.0
-8.382453011955755,-2.9220840075271113,-1.0
-2.857949516440466,-0.37037322223243396,-1.0
3.626754216079737,-6.244033160575163,-1.0
-8.510245314845621,-2.674220070051704,-1.0
-4.217531392760497,-6.707546096355882,-1.0
6.589658734277931,-1.4213452578858254,-1.0
6.487277684187869,-1.3019972755679168,-1.0
-1.4088382996865112,4.1710234214281945,-1.0
-8.839179021748729,-1.2542968679368918,-1.0
4.34010101542405,4.230473985078279,-1.0
-5.952712036022728,-5.771309781207444,-1.0
6.478352720679743,-2.3695493008332327,-1.0
5.607035424399803,2.5541854928503787,-1.0
-4.618208939542466,-6.590832118105751,-1.0
-8.273496447177878,-2.635236639608632,-1.0
-8.89142809654007,-1.5628667057991217,-1.0
6.57986561853063,-1.1977843450489714,-1.0
5.07699186796125,-4.4843534861533625,-1.0
-6.825428325147988,-4.966970891369089,-1.0
-7.122349607007233,-4.884128765931522,-1.0
6.531644458729326,0.17068921997048808,-1.0
-1.5881783097398632,3.951311470100641,-1.0
-8.247841128163705,-2.5608960959784266,-1.0
1.1183194479303677,5.286952372178845,-1.0
0.4256025762970405,0.1925311400161561,-1.0
5.7282364217505055,-3.727999391298173,-1.0
-2.1410119881169725,-7.505940338880714,-1.0
-1.7735487474643745,4.312641273136229,-1.0
0.27138659715436797,-7.520816598403278,-1.0
-7.328378382535407,-4.390056004840806,-1.0
-9.192279638557256,-0.8363934220163849,-1.0
0.24427808470581758,4.809976614227945,-1.0
-8.577420714080098,-2.303509212267896,-1.0
4.794551194536863,-5.252891163509735,-1.0
-8.017876112561442,-2.6643654103153716,-1.0
6.240761306527322,1.6781878108924733,-1.0
0.019441899734666673,-7.571362898587605,-1.0
6.273047673476628,-2.7268632709844307,-1.0
1.8266069413849377,-7.496846782083959,-1.0
-2.773183690053489,1.937576439524084,-1.0
0.3363213022551257,-7.602831724766067,-1.0
6.30037748079125,-1.7731411456485549,-1.0
5.677706047597363,-3.7937691035501824,-1.0
0.919945236995328,-7.740551048553097,-1.0
5.8037929950901095,-3.760948446298451,-1.0
-1.1495444547583917,-1.401924830522548,-1.0
5.115169680855007,3.3568825568975447,-1.0
6.761296377424489,-1.499987717334885,-1.0
5.147835213929298,2.7809599439772024,-1.0
-2.856717775104784,1.2442039221921344,-1.0
3.4328122243506143,-6.33649469197751,-1.0
-1.075865474910092,4.3022460303107435,-1.0
6.631635728228846,-0.7426122266353667,-1.0
3.4113480174286606,4.598145793445216,-1.0
5.479606993023026,3.133402982623359,-1.0
5.955562707168877,1.9646848807222121,-1.0
6.365594100058496,-0.7001587904001865,-1.0
2.2557684481474056,4.890126592693893,-1.0
0.45577299919784253,0.24445946436866173,-1.0
-7.378425093926205,-4.341856178828075,-1.0
6.105792904889901,1.4846818162149154,-1.0
-3.62641272417965,-6.976581485333175,-1.0
0.8018129409547773,5.125869674936739,-1.0
-3.2198718449187007,0.7618273064154371,-1.0
-5.311039889659573,-6.406254927678599,-1.0
-2.826464805087527,-0.41603428772568735,-1.0
-2.8355078662584656,0.9805806234216234,-1.0
2.576800132515795,4.765242657571165,-1.0
6.552837282732698,0.28754536126383184,-1.0
-3.952263629902172,-7.149126892167865,-1.0
-6.868281436753173,-4.5709752701748405,-1.0
0.13597230713952238,-7.795854362691454,-1.0
-3.303594888099669,-7.173525908931535,-1.0
-2.809147019770104,-0.26583750158685937,-1.0
-3.0339637148051346,1.6724936649138293,-1.0
1.4790940131058412,-7.542898117785945,-1.0
-7.797028674085831,-3.1206176998851394,-1.0
6.410052982475429,-0.5178374580200454,-1.0
-8.130210649603383,-3.379917978405583,-1.0
2.4554468757036227,-6.8158904862369845,-1.0
-8.875342601742688,-1.7239313980006725,-1.0
-2.16754259040789,3.71390298055633,-1.0
-1.836866413152575,3.943678822173489,-1.0
-2.5086838099061803,2.7735737224299077,-1.0
2.5217321803642845,4.821038389578618,-1.0
2.8099960370160053,4.6557199479810905,-1.0
1.9536542127976255,4.841071845083582,-1.0
-8.573150780998306,-2.3487224039068826,-1.0
-2.5536059065918804,-0.7163746076411587,-1.0
-8.773680532025816,-1.2830602469470302,-1.0
-8.740009326997152,-0.8986355209432473,-1.0
-7.6559891265907964,-3.427486575616992,-1.0
0.352150377181692,-7.357800133382949,-1.0
-5.763916211057169,-6.223880657327792,-1.0
6.294349721893325,1.232311166249672,-1.0
-2.136521034033636,3.1992776677555264,-1.0
-1.5921109000142604,-1.4455340499267442,-1.0
-8.121345874493942,-3.664960753052629,-1.0
-5.750539227890603,-5.974594270771891,-1.0
-0.2364261841560436,-7.462709559636904,-1.0
6.668795469871294,0.783875996022874,-1.0
6.361520153848934,1.6287245189347204,-1.0
-8.421869560689979,-2.802965930840605,-1.0
-2.7177211431451496,-0.29049258173550496,-1.0
4.799879247793812,-5.468979663692678,-1.0
-1.4258660522901407,-1.4201057860896051,-1.0
6.302526356290619,0.4786182105713026,-1.0
-2.769584774012156,2.6995358877884033,-1.0
-3.0206152508049238,1.4001443370649718,-1.0
3.338498249704956,4.318622940425965,-1.0
6.76672900104902,-0.09496266856314839,-1.0
-2.1691862569231812,-0.5556683900123549,-1.0
2.1140120437718566,5.171675205909499,-1.0
1.288552009080087,4.87080535109382,-1.0
-0.3637053317690392,-1.4004075637828886,-1.0
-2.1657778471602227,3.67851482249641,-1.0
6.103353612153672,2.0673625302393006,-1.0
-2.3171452003345925,3.5096857624916185,-1.0
2.3986481572658085,-6.811417304613138,-1.0
6.069647412031494,-3.138242702339954,-1.0
-1.6065012151414373,-1.403456308613893,-1.0
2.292022063800121,4.7718694207345305,-1.0
-1.7625307160897121,-7.415480528257453,-1.0
-8.80541308369593,-0.9821931621973266,-1.0
-0.46078755167963265,-1.6019050814565998,-1.0
6.513303153045765,-0.3986073267337812,-1.0
1.715016948477001,-7.24307356598077,-1.0
3.798740982033682,4.172081586948936,-1.0
-5.180158649160538,-6.354593611376352,-1.0
-1.906962960656357,3.9304123483829807,-1.0
4.3363004707521275,-5.766553687156282,-1.0
-4.7789031100236095,-6.753032058188664,-1.0
0.9107269416600987,-0.5314658739103465,-1.0
-2.97845416228873,1.57335948478805,-1.0
-3.0464208666940737,2.3486193827824358,-1.0
-1.5551511748169453,-7.682799682941122,-1.0
3.2485642964087615,-6.667913025777307,-1.0
-3.3395013445592863,-7.239212148494421,-1.0
-3.4202905010739597,-7.1325405735670255,-1.0
4.979915525808348,3.055012830781427,-1.0
2.154216365619938,-7.007628194098917,-1.0
-8.78660623606532,-2.1825016447776173,-1.0
-8.096155846189722,-2.8344310393865446,-1.0
-0.8592464303329796,-7.522275572906674,-1.0
-2.687187069548762,-7.5990207365191536,-1.0
-8.164620553793787,-3.0746394723469734,-1.0
5.910496180773702,2.1378664038510338,-1.0
3.5326146031069454,-6.293897723269735,-1.0
2.1700674458318576,4.990585539238114,-1.0
-7.693885217559462,-3.4970977578415927,-1.0
0.6952917254211698,-0.8387961592702323,-1.0
2.4022471827340683,-6.802587103849292,-1.0
1.5066358975743321,5.195169286547683,-1.0
6.643307638063198,-1.1447546426870805,-1.0
-2.5837048636465223,0.06271086994697761,-1.0
-2.496413289267524,3.0070065942425392,-1.0
5.947184466696591,2.171985101844331,-1.0
5.647446727085033,-4.566142159667788,-1.0
-7.726123663352911,-3.583923136006145,-1.0
-8.674340226137351,-2.7247418453096106,-1.0
5.5322661351099,-4.496271091083715,-1.0
3.414915126584312,4.3001300231913175,-1.0
-9.06442571323713,0.34181084342049645,-1.0
-3.077686872519382,0.09224476971843418,-1.0
-0.8073875013845995,-1.5990720857056089,-1.0
1.535226541897985,-7.096787037206174,-1.0
-2.1388970363219477,-7.335065765974501,-1.0
-1.9292539318575344,-1.005260950624115,-1.0
-3.7283025429809835,-7.095921922153263,-1.0
6.535753052759233,0.33179730900566906,-1.0
5.247568175042384,-4.95277351661765,-1.0
2.3932695698406445,-7.044900979562093,-1.0
4.5671628182542,3.897786255833527,-1.0
3.265827231447706,-6.56425861599418,-1.0
0.9548453365679528,-7.3749801743702434,-1.0
3.4297465476750593,4.3166218145058854,-1.0
0.7599647661809422,-1.0236967115355093,-1.0
-0.1372949184056988,-7.572184161475034,-1.0
-8.840378347891189,-1.610933132938356,-1.0
0.16386694562328583,-7.63242309885059,-1.0
-4.4593900610842745,-6.87168403616164,-1.0
1.993294746851586,4.867809764022053,-1.0
-2.868965234728132,-0.21600471585073833,-1.0
5.437472961092642,-4.435312692444579,-1.0
2.773909175085485,-6.694028852842596,-1.0
-0.26095212638158327,4.8551890860303395,-1.0
-5.757440592566614,-5.944152391540207,-1.0
-4.268964187404109,-6.639595847195325,-1.0
-9.135950575871767,0.15413709823804758,-1.0
-2.443239327593112,-0.9276143448124217,-1.0
-8.0825579301979,-3.461102959147925,-1.0
0.21093482032469363,-1.2086395224756683,-1.0
-3.795318644336185,-6.926890650829951,-1.0
-2.8160597063275628,1.4792526208538384,-1.0
-1.3140307731711398,-1.628154380665742,-1.0
-1.7835443915494864,4.265607264142228,-1.0
5.193125144904403,-4.3265616680390995,-1.0
6.477445929652911,1.1365197179413373,-1.0
-5.2564682566812735,-6.503128704095981,-1.0
-3.563580833909473,-7.250708942004626,-1.0
6.374176438762913,-0.37527588444345705,-1.0
3.402604834193824,-6.579292291506919,-1.0
3.1562462451512396,4.418797245328777,-1.0
-0.0443377882830166,-7.6322155716799776,-1.0
-1.9984290758076524,-1.1345311177989634,-1.0
2.830192896510302,-6.917400260062088,-1.0
5.911544511276257,2.3624611777833544,-1.0
-6.676600369991441,-4.91122299610142,-1.0
-8.975769542598883,-1.280413547283062,-1.0
1.149727925810809,-7.231510012633885,-1.0
4.299416684384557,-5.789959662383408,-1.0
-2.1142701518979,3.4189109100825283,-1.0
6.069692508695803,1.9328279725271775,-1.0
-7.462241226832378,-4.123668881194988,-1.0
-3.2484963374329707,1.0969631610540231,-1.0
-3.7092181081997437,-7.345286444807193,-1.0
5.737799063128385,-3.683162592803129,-1.0
4.895196466719655,3.5839519244000067,-1.0
-3.0088158892978796,2.364771285607817,-1.0
2.387197989081051,-7.284372527107641,-1.0
6.558363374634566,0.10603097264254199,-1.0
-2.763110963957428,2.9274949395047596,-1.0
3.4285709855167408,-6.290559612988689,-1.0
1.9615310930560688,5.107736909700872,-1.0
-1.106733289597702,4.537019147030674,-1.0
3.542175164594636,4.385992283945129,-1.0
6.583447426015462,-1.8867017521864724,-1.0
-5.344128143203075,-6.31680477053889,-1.0
-8.319091367370273,-2.7260771461981097,-1.0
-1.6906071954536817,-7.4221460959978725,-1.0
6.465400317783367,-2.9848079390192312,-1.0
-2.8170146476780205,1.1495568135616965,-1.0
-9.143036939313163,-1.1049475154701827,-1.0
-4.049088254749075,-6.996719000416798,-1.0
1.308933780958717,-7.433679640653267,-1.0
-7.36108765512745,-4.328620555302004,-1.0
6.468288164289529,-0.9949576996629295,-1.0
0.4082261606418711,-7.309295872092857,-1.0
6.553497680898358,-1.089605347206628,-1.0
-2.7966570219878393,1.4602659694655669,-1.0
-4.2140347869993375,-6.690894942995314,-1.0
6.152523268078974,-3.172360136845782,-1.0
3.618408992241813,4.407591548074566,-1.0
1.32041123783344,5.238361632530733,-1.0
1.3447294093163316,5.104910950149626,-1.0
6.0683061552774715,-3.7642738469426527,-1.0
-9.26538186877346,-0.6118876231832215,-1.0
-2.8985851575538604,2.020474333366733,-1.0
5.984668430913374,1.8882340167755913,-1.0
-9.240640035875547,0.10417772059809707,-1.0
-0.7038357451854043,4.597486984626198,-1.0
6.620431852035916,-2.24263181632818,-1.0
6.177062570161063,1.8581008159273265,-1.0
5.988129263856807,-2.9445505460525117,-1.0
1.4964567996651665,4.9430053464308,-1.0
-8.94458116510213,0.325336139851927,-1.0
-2.6332571998638423,2.6378265201368327,-1.0
3.1375407482174538,4.420896996302543,-1.0
-0.3790101161805,-1.3209673633407601,-1.0
0.8807005544643046,-7.477305346737751,-1.0
-7.202969070966745,-4.459037095996172,-1.0
4.974137105958766,-5.007956353334228,-1.0
0.058683151642014764,-7.605984003960896,-1.0
2.311545884012719,-7.080863923450833,-1.0
5.36535265312217,2.812143796640888,-1.0
-2.795382921083453,1.8833388092973842,-1.0
-6.112898736945567,-5.340017407847327,-1.0
-1.941246969863541,3.9477579495122437,-1.0
-5.330481944138693,-6.073218985708302,-1.0
-8.748877626178183,-1.7010951860576125,-1.0
1.0302089649400974,-0.3664894536872746,-1.0
-6.516595151305005,-5.37671043440723,-1.0
-2.259933635906136,-7.657175044684242,-1.0
3.0105808020799882,-6.479350053160798,-1.0
-3.645730225708104,-7.1472322638781876,-1.0
-0.9545766854557842,-7.455944674502867,-1.0
-1.2658720354895698,-1.3350803582661008,-1.0
5.263915993927966,3.26338745003458,-1.0
-7.796220782223834,-3.887591413423926,-1.0
-2.7899777519520406,-0.27964109765759615,-1.0
6.110100478635122,-2.5994238127885336,-1.0
-1.6463727067576346,3.9318178972049678,-1.0
6.472727384969077,-1.964606205171148,-1.0
-9.18090872527451,-0.8805615212299892,-1.0
-0.20332243994151306,4.869141408339172,-1.0
2.6659501224624877,5.020087678413188,-1.0
-3.648343979844796,-7.049878632298054,-1.0
-2.5317856781483297,2.968898743836127,-1.0
-0.735643721481609,4.737781700654127,-1.0
0.4103657526583319,4.722658259463458,-1.0
-3.9867180531790525,-6.862732801657079,-1.0
-9.162287169461353,-0.32254383452640156,-1.0
-3.9682955813856906,-7.097004970611647,-1.0
5.991883112012319,-4.223814515533523,-1.0
-5.699020536843301,-6.138668201494623,-1.0
-1.5313253897395849,-1.5263496995210826,-1.0
0.21801345161866886,-1.6109205209610573,-1.0
-6.635398256274181,-4.878211075928489,-1.0
-8.208430837768896,-2.9789125799651606,-1.0
-3.17672870320439,1.6305213036588537,-1.0
6.4759595445387115,-0.17490337911697929,-1.0
3.2783440160363426,4.743389048038272,-1.0
6.07191314041055,-2.8417753373706334,-1.0
6.506142961348534,-1.5960742108467603,-1.0
5.900515893170122,-4.143421103464386,-1.0
-0.10194862084024489,-1.3107053737153105,-1.0
-0.25497692730209726,4.948944557913216,-1.0
-6.422306681056701,-5.157631399358026,-1.0
-0.5125294196091712,4.659238502852562,-1.0
4.577998067091332,3.844096192185591,-1.0
6.378469195109338,-1.3470963597630232,-1.0
-4.110686463196851,-6.922174863384064,-1.0
1.810671470678487,4.80008214910391,-1.0
-8.726630454440109,-1.2706324959818573,-1.0
4.259666902271291,3.99132413975496,-1.0
4.013358392016504,4.260214811427563,-1.0
-4.219401174016326,-6.854493536853512,-1.0
-0.7609970311081768,-7.6564053760068385,-1.0
1.2057211838093451,4.9938707076998075,-1.0
2.7803847596886633,-7.138655705357384,-1.0
-8.8681673741123,-1.4730432721216704,-1.0
6.1076942042754245,1.3615207300578904,-1.0
5.058636614369949,3.262199709824727,-1.0
1.8830029471370433,-7.207472704397406,-1.0
-1.7511146882546345,-7.612358821132587,-1.0
-0.3302059109570899,-7.532592688855144,-1.0
-2.919752284430743,-7.243844496545893,-1.0
-6.667950550249946,-4.8354512440544655,-1.0
2.2623747169469883,-7.310558319030609,-1.0
4.597395707893043,-5.875636100535738,-1.0
-8.215549684701106,-2.4931486777472163,-1.0
-1.529595513371268,4.3637584759301955,-1.0
-2.578052991049929,2.9492495978969604,-1.0
-6.914551119957184,-5.089226019585006,-1.0
-7.865535238736246,-3.7638362537370798,-1.0
4.344335539663085,-5.495177597666327,-1.0
0.8483666040856657,4.802247610828666,-1.0
6.301670224975452,1.3578808524166113,-1.0
-1.060862274065134,-1.7011486422983946,-1.0
6.464001697851972,-1.5932348250324024,-1.0
-1.4108409480673438,-7.44322418595095,-1.0
5.734366295825686,-3.9314336801980514,-1.0
6.153555057543177,-3.2352798096548483,-1.0
6.291728675476422,-2.5305317755036962,-1.0
0.06365597123414374,4.890951396534007,-1.0
-7.671364491277222,-3.4994575766236578,-1.0
1.1347780473416362,-7.629603068424006,-1.0
-2.52876900939801,-0.4952427624259669,-1.0
-0.36181306622442266,-1.686565543665868,-1.0
-6.173950464574081,-5.781554359010784,-1.0
3.5933216678010305,4.662836539315028,-1.0
1.5029280870597665,4.98949094357135,-1.0
-2.7734530184333863,2.8646065859478282,-1.0
2.5648224822296286,4.722376057769517,-1.0
-2.8152833749614317,2.655547993526142,-1.0
1.9089067307174268,5.083587742753639,-1.0
-7.519335587861263,-3.9184961838959835,-1.0
-8.958173603402637,-1.338337689353016,-1.0
4.669409011018936,3.535584523028506,-1.0
1.252112278105658,-7.219456076442005,-1.0
2.2931409131792133,-7.194310588301434,-1.0
6.477120271418089,0.5400829979668138,-1.0
-1.3889114372721056,-1.5187879478427846,-1.0
-1.8626666416422437,-7.517403406705097,-1.0
-8.638409730929617,-2.091564739636411,-1.0
5.826506956066637,-3.8500788060929696,-1.0
-2.7417483747494513,2.2388741455336034,-1.0
6.777953844642316,-1.2601172511994696,-1.0
-0.002687383894470161,-7.749838016068317,-1.0
-1.7056385469736806,-7.365214027909825,-1.0
-2.7625591989191567,0.2999621659194769,-1.0
6.421706682916347,0.5259255303215611,-1.0
1.1814187315487463,-7.430299104031984,-1.0
2.016935861787808,-7.346465023485381,-1.0
-1.4277545354165249,-1.5246065620308191,-1.0
-1.2473349726442438,-1.5332443359220744,-1.0
6.659932986251583,-1.4966484257579122,-1.0
-3.0714627596026935,1.3700469869223881,-1.0
0.5246024435535431,-7.590070619225864,-1.0
-8.983948197830276,-1.005789485616455,-1.0
-5.127878426653476,-6.548049296665112,-1.0
6.341362385530671,-1.6208619364332228,-1.0
6.553507848836705,-0.39856282835151086,-1.0
-3.09070216254575,0.6870071175809906,-1.0
-8.74693941817062,-1.1744489230830937,-1.0
0.5302473998587014,0.04363373942914628,-1.0
-2.482097424654922,-0.29469973039377945,-1.0
-3.795478193481526,-6.897810875639324,-1.0
6.269815034739347,-2.6808780306511224,-1.0
6.761033527789586,-0.8202916921287622,-1.0
5.018986081167647,3.2387043857543087,-1.0
-9.070942822727387,-0.6412534763384581,-1.0
-3.890332575487531,-6.871543432393889,-1.0
-7.796963727402216,-3.9099075009915607,-1.0
-1.2722167320460587,-1.2040727161949152,-1.0
-7.504746632364743,-4.341816223398811,-1.0
-1.0465559870764298,4.712457303076685,-1.0
4.402496359703405,-5.907233232833469,-1.0
